Model,Baseline_F1,Optimized_F1,Improvement,Baseline_Accuracy,Optimized_Accuracy
Random Forest,0.5439666379020833,0.5557429618524071,0.011776323950323797,0.5652173913043478,0.5815217391304348
Logistic Regression,0.5450411820151618,0.5456793073508232,0.0006381253356613215,0.5760869565217391,0.5760869565217391
