feature,importance
age,0.14915978809546399
chol,0.1385373496186118
thalach,0.1350888326683118
oldpeak,0.11610372746330808
trestbps,0.10714016856966288
cp,0.09406304243897869
exang,0.05083975358335744
thal,0.044151565480645714
restecg,0.04214543422841338
ca,0.0392162777654344
slope,0.03467469779910835
sex,0.025397717621312318
fbs,0.023481644667391194
